date,value
2026-06-01,2363000
2026-06-02,2360000
2026-06-04,2298000
2026-06-05,2070000
2026-06-08,1911000
2026-06-09,2215000
2026-06-10,2048000
2026-06-11,2101000
2026-06-12,2150000
2026-06-15,2288000
2026-06-16,2382000
2026-06-17,2521000
2026-06-18,2685000
2026-06-19,2764000
2026-06-22,2919000
2026-06-23,2555000
2026-06-24,2580000
2026-06-25,2917000
2026-06-26,2673000
2026-06-29,2628000
2026-06-30,2650000
2026-07-01,2560000
2026-07-02,2187000
2026-07-03,2425000
2026-07-06,2343000
2026-07-07,2201000
2026-07-08,2076000
2026-07-09,2186000
2026-07-10,2180000
2026-07-13,1845000
2026-07-14,1913000
2026-07-15,2082000
2026-07-16,1842000
2026-07-20,1764000
2026-07-21,1836000
2026-07-22,1830000
2026-07-23,1919000
2026-07-24,1759000
2026-07-27,1816000
2026-07-28,1550000
2026-07-29,1401000
2026-07-30,1322000
2026-07-31,1718000
2026-08-03,1567000
2026-08-04,1577000
2026-08-05,1668000
2026-08-06,1495000
2026-08-07,1422000
2026-08-10,1420000
2026-08-11,1425000
2026-08-12,1504000
